<?xml version="1.0" encoding="UTF-8"?>
<c3p0-config>
	
	<named-config name="c3p0-config">
		<property name="driverClass">com.mysql.jdbc.Driver</property>
		<property name="jdbcUrl">
           	jdbc:mysql://localhost:3306/classproject?characterEncoding=utf8
        </property>
		<property name="user">root</property>
		<property name="password">root</property>
		<property name="initialPoolSize">100</property>
		<property name="maxPoolSize">100</property>
	</named-config>
	
</c3p0-config>